ingredient_id,ingredient_name
4,la갈비
2408,가나초콜릿
6,가니미소
7,가니쉬
8,가다랑어포
9,가당휘핑크림
10,가래떡
11,가리비
12,가마보꼬
13,가문어
14,가쓰오간장소스
15,가쓰오부시
16,가쓰오부시장국
17,가쓰오우동
18,가염버터
19,가와지쌀
20,가자미
21,가자미살
22,가자미식해
23,가지
24,가지나물
25,각설탕
26,각얼음
27,간깨
28,간돼지고기
29,간마늘
30,간생강
31,간양파
32,간장
33,간장게장
34,간장닭강정
35,간장밥
36,간장새우
37,간장새우소스
38,간장새우장국물
39,간장샐러드소스
40,간장소스
41,간장연어장
42,간짬뽕
43,갈릭디핑소스
44,갈릭마요네즈
45,갈릭미니롤
46,갈릭소스
47,갈릭솔트
48,갈릭칠리소스
49,갈릭칩
50,갈릭허브솔트
2,갈비
52,갈비대
53,갈비산적
54,갈비찜
55,갈색만가닥버섯
56,갈치
2070,갈치구이
57,갈치속젓
58,감
59,감귤
60,감말랭이
61,감식초
62,감잎
63,감자
64,감자껍질
65,감자샐러드
66,감자수제비
67,감자옹심이
68,감자전분
69,감자찌개
70,감자칩
71,감자탕
72,감자튀김
73,감장아찌
74,감태
75,갑오징어
76,갓
77,갓김치
78,강낭콩
79,강된장
80,강력분
81,강황가루
82,강황국수
83,건가지
84,건고추
85,건과일
86,건다시마
87,건당면
88,건대추
89,건더기스프
90,건두부
91,건라즈베리
92,건멸치
93,건무화과
94,건문어
95,건미역
96,건바질
97,건보리새우
98,건부추
99,건블루베리
100,건빵
101,건살구
102,건새우
103,건새우가루
104,건식찹쌀가루
105,건쌀국수
106,건야채
107,건오레가노
108,건오미자
109,건오징어
110,건우동면
111,건자두
112,건자두콤포트잼
113,건조생강
114,건조톳
115,건크랜베리
116,건파슬리
117,건파파야
118,건포도
119,건표고버섯
120,건해초
121,건호박
122,건홍고추
123,건홍합
124,검은깨
125,검은콩
126,검은콩국물
127,검은콩두부
128,검은콩두유
129,검정식용색소
130,검정통깨
131,게맛살
132,게살
133,게살볶음밥
134,겨자
135,겨자분말가루
136,겨자소스
137,겨자잎
138,견과류
139,견과류분태
140,계란
141,계란과자
142,계란노른자
143,계란말이
144,계란물
145,계란지단
146,계란찜
147,계란후라이
148,계란흰자
149,계란흰자분
150,계피
151,계피가루
152,계피설탕
153,계피스틱
154,고구마
155,고구마전분
156,고구마줄기
157,고구마칩
158,고기
159,고기느타리버섯
160,고기만두
161,고기반죽
162,고깔양배추
163,고노와다
164,고다치즈
165,고등어
166,고등어까스
167,고르곤졸라
168,고르곤졸라치즈
169,고메돈카츠모짜렐라
170,고메돈카츠통동심
171,고사리
172,고사리볶음
173,고수
174,고수삼갈비탕
175,고수줄기
176,고운고춧가루
177,고운소금
178,고추
179,고추냉이
180,고추냉이마요네즈
181,고추마늘소스
182,고추잎무침반찬
183,고추장
184,고추장아찌
185,고추장아찌국물
186,고추장찌개
187,고추참치
188,고춧가루
189,고춧기름
190,고춧잎
191,고형다시
192,고형카레
193,곡물미숫가루
194,곡물바
195,곡물빵
2811,곤드레
196,곤드레나물
197,곤약
198,곤약면
199,곤약모
2937,곤약분말
200,곤약현미밥
201,골드키위
202,골뱅이
203,골뱅이캔국물
204,골파대
205,곰새우
206,곰취
207,곰탕라면
208,곰탕라면스프
209,곰피
210,곱창
211,곱창김
212,공기밥
213,공심채
214,곶감
215,과메기
216,과일
217,과일껍질
218,과일꼬치
219,과일슬라이스
220,과일잼
221,과일주스
222,과일푸딩
223,과일후르츠
224,과자
225,과카몰리
226,관자
227,관자살
228,관찰레
229,광대나물
230,광어
231,광어살
232,교자만두
233,구기자순
234,구운감태
235,구운견과류
236,구운계란
237,구운골뱅이
238,구운김
239,구운김치
240,구운닭가슴살
241,구운마카다미아
242,구운소금
243,구운아몬드
244,구운아몬드슬라이스
245,구운캐슈넛
246,구운피칸
247,구운황태
248,구워먹는치즈
249,국간장
250,국멸치
251,국수
252,국수소면
253,국수장국
254,국수중면
255,군고구마
256,군만두
257,군밤
258,굴
259,굴림만두
260,굴비
261,굴소스
262,굴진짬뽕
263,굵은고춧가루
264,굵은설탕
265,굵은소금
266,굵은후추
267,귀리
268,귀리가루
269,귀리밥
270,귤
271,귤껍질
272,귤잼
273,귤청
274,귤칩
275,그라다파다노치즈
276,그라인드후추
277,그래놀라
278,그레나딘시럽
279,그릭요거트
280,그린빈
281,그린올리브
282,그린키위
283,그린티파우더
284,그린홍합
285,그릴비엔나소시지
286,근대
287,근대감자된장국
288,근대줄기
289,글루텐프리믹스
290,금귤
291,기네스
292,기름
293,기버터
294,긴소시지
295,긴콩
296,김
297,김가루
298,김밥
299,김밥용김
300,김밥용단무지
301,김밥용햄
302,김자반
303,김치
304,김치국물
305,김치만두
306,김치볶음
307,김치볶음밥
308,까나리액젓
309,까르보나라소스
310,까르보떡볶이
311,까르보불닭
312,까르보불닭소스
313,까망베르치즈
314,깍두기
315,깍두기국물
316,깐마늘
317,깐메추리알
318,깐밤
319,깐새우
320,깐호두
321,깔라만시
322,깔라만시원액
323,깔루아
324,깔리바우트초콜릿
325,깜빠뉴빵
326,깨
327,깨가루
328,깨소금
329,깨순
330,깻잎
331,깻잎순
332,깻잎장아찌
333,깻잎통조림국물
334,깻잎페스토
335,꼬꼬면
336,꼬들단무지
337,꼬마새송이버섯
338,꼬마전복
339,꼬막
340,꼬막살
341,꼬시래기
342,꼬치
343,꽁치
344,꽁치통조림국물
345,꽃게
346,꽃게라면
347,꽃등심
348,꽃마리
349,꽃소금
350,꽈리고추
351,꾸지뽕
352,꿀
353,꿀꽈배기
354,꿀물
355,꿀연유
356,꿀호떡
357,나나미도오가라시
358,나물
359,나박김치국물
360,나쵸
361,나쵸치즈
362,나쵸치즈소스
363,낙지
364,낙지젓
365,날치알
366,날치알큐브
367,날콩가루
368,납작어묵
369,납작치즈
370,낫토
371,냉동가리비살
372,냉동감자튀김
373,냉동개두릅
374,냉동군만두
375,냉동김말이
376,냉동꼬막살
377,냉동꽃게
378,냉동꿀떡
379,냉동닭튀김
380,냉동대게살
381,냉동대패삼겹살
382,냉동딸기
383,냉동떡
384,냉동떡갈비
385,냉동라즈베리
386,냉동리치
387,냉동만두
388,냉동망고
389,냉동모둠해물
390,냉동물만두
391,냉동바나나
392,냉동바질
393,냉동밥
394,냉동백설기
395,냉동복분자
396,냉동볶음밥
397,냉동블랙베리
398,냉동블루베리
399,냉동삼겹살
400,냉동새우
401,냉동아보카토
402,냉동야채믹스
403,냉동오디
404,냉동와플
405,냉동완탕
406,냉동우동
407,냉동우삼겹
408,냉동차돌박이
409,냉동체리
410,냉동치킨텐더
411,냉동칵테일새우
412,냉동토마토
413,냉동핫도그
414,냉동현미쑥가래떡
415,냉동홍게
416,냉동홍합살
417,냉동흰다리살새우
418,냉면
419,냉면무절임
420,냉면사리
421,냉면육수
422,냉수
423,냉압착생들기름
424,냉이
425,냉이나물
426,냉이무침
427,냉콩나물국
428,너겟
429,너구리
430,너구리 매운맛
431,너비아니
432,넙적당면
433,넙적한오뎅
434,넛맥
435,네모어묵
436,노니즙
437,노추
438,녹두
439,녹말
440,녹말가루
441,녹차
442,녹차가루
443,녹차딸기가루
444,녹차아이스크림
445,녹차잎
446,녹차초콜릿
447,녹차티백
448,농어
449,누들면
450,누룽지
451,누텔라
452,눈꽃치즈
453,눈모양아이싱
454,뉴트리셔널이스트
455,느타리버섯
456,늙은호박
457,다슬기살
458,다슬기육수
459,다시다
460,다시마
461,다시마멸치육수
462,다시마멸치티백
463,다시마쌈
464,다시마육수
465,다시멸치
466,다시백
467,다싯물
468,다이제
469,다진마늘
470,다짐육
471,다크럼
472,다크초콜릿
473,다향훈제오리
474,단감
475,단무지
476,단배추
477,단백질파우더
478,단촛물
479,단팥
480,단팥앙금
481,단호박
482,단호박가루
483,단호박수프
484,달고나
485,달래
486,달래양념장
487,달래장아찌
488,달래줄기
489,닭가슴살
490,닭가슴살소시지
491,닭가슴살스테이크
492,닭가슴살함박스테이크
493,닭갈비
494,닭강정
495,닭고기
496,닭근위
497,닭껍질
498,닭꼬치
499,닭날개
500,닭다리
501,닭다리순살
502,닭똥집
503,닭목살
504,닭발
505,닭안심
506,닭윙
507,닭육수
508,당근
509,당근라페
510,당근사과라페
511,당근슬라이스
512,당근토막
513,당뇨고추
514,당면
515,당밀
516,대게
517,대게딱지장
518,대게살
519,대구
520,대구살
521,대구포
522,대마씨
523,대저토마토
524,대창
525,대추
526,대추말이
527,대추방울토마토
528,대파
529,대파대
530,대파잎
531,대패삼겹살
532,대하
533,대합
534,대홍포
535,더덕
536,더덕무침
537,더위사냥
538,더치커피원액
539,데리야끼소스
540,데미그라스
541,데미커리
542,데킬라
543,도가니탕
544,도넛
545,도다리회
546,도라지
547,도라지나물
548,도라지오이초무침
549,도삭면
550,도시락김
551,도토리가루
552,도토리묵
553,돈까스
554,돈까스소스
555,돈부리소스
556,돌김
557,돌나물
558,돌미나리
559,돗나물
560,동결건조딸기칩
561,동그랑땡
562,동남아고추
563,동남아쌀
564,동물성휘핑크림
565,동죽조개
566,동치미국물
567,동치미무
568,동치미물냉면
569,동태전
570,동태포
571,돼지간
572,돼지갈비양념장
573,돼지감자장아찌
574,돼지고기
575,돼지고기갈매기살
576,돼지고기다짐육
577,돼지고기덮밥도시락
578,돼지고기뒷다리살
579,돼지고기등심
580,돼지고기막창
581,돼지고기목살
582,돼지고기불고기용
583,돼지고기안심
584,돼지고기앞다리살
585,돼지고기오돌뼈
586,돼지고기잡채용
587,돼지고기찌개용
588,돼지고기채
589,돼지고기카레용
590,돼지고기편육
591,돼지내장
592,돼지등뼈
593,돼지바
594,돼지사골육수
595,돼지호박
596,된장
597,된장찌개
598,두릅
599,두릅무침
600,두메부추
601,두반장
602,두부
603,두부구이
604,두부면
605,두부모
606,두부청국장덮밥소스
607,두유
608,두유마요네즈
609,두유치즈
610,둥근어묵
611,둥근호박
612,드라이이스트
613,드립커피
614,들기름
615,들깨
616,들깨가루
617,들깨소고기죽
618,등갈비
619,등심돈까스
620,디종머스터드
621,디핑치즈소스
622,딜
623,딱새우회
624,딸기
625,딸기베이스
626,딸기시럽
627,딸기우유
628,딸기잼
629,딸기청
630,딸기초콜릿
631,딸기콩포트
632,딸기쿠키크런치
633,땅두릅
634,땅콩
635,땅콩가루
636,땅콩강정
637,땅콩버터
638,땅콩분태
639,땅콩새순
640,땅콩소스
641,땅콩잼
642,땡초
643,땡초장
644,떠먹는요거트
645,떡
646,떡갈비
647,떡갈비반죽
648,떡국
649,떡국떡
650,떡볶이
651,떡볶이용떡
2614,또띠아
652,라디치오
653,라면
654,라면사리
655,라면스프
656,라벤더꽃차티백
657,라유
658,라이스밀크
659,라이스페이퍼
660,라이트불닭볶음면
661,라임
662,라임슬라이스
663,라임주스
664,라임즙
665,라임청
666,라조장
667,라즈베리
668,라즈베리시럽
669,라즈베리잼
670,람부탄
671,랍스타
672,래디쉬피클
673,랜치소스
674,러시안드레싱
675,럼
676,레드벨벳파우더
677,레드와인
678,레드향
679,레몬
680,레몬간장
681,레몬그라스티백
682,레몬껍질
683,레몬농축액
684,레몬딜버터
685,레몬소다
686,레몬슬라이스
687,레몬식초
688,레몬오일
689,레몬제스트
690,레몬조각
691,레몬주스
692,레몬즙
693,레몬즙포
694,레몬청
695,레미아블루치즈드레싱
696,레인보우
697,레토르트사골곰탕
698,렌틸콩
699,렌틸콩앙금
700,로메인
701,로제불닭납작당면
702,로제소스
703,로즈마리가루
704,로즈마리잎
705,로즈마리줄기
706,로투스
707,로투스스프레드
708,로티니파스타면
709,롤치즈
710,롤케이크
711,루꼴라
712,루어팍버터
713,리가토니파스타면
714,리치맛젤리
715,리코타치즈
752,립톤티
753,링귀네
754,링오징어
755,마
756,마가루
757,마가린
758,마누카꿀
759,마늘
760,마늘가루
761,마늘기름
762,마늘밥
763,마늘빵가루
764,마늘솔트
765,마늘스틱
766,마늘슬라이스
767,마늘와사비소스
768,마늘장아찌
769,마늘즙
770,마늘쫑
771,마늘쫑장아찌
772,마늘햄
773,마라샹궈
774,마라소스
775,마리나라소스
776,마마크림소스
777,마살라차이티
778,마스카포네치즈
779,마시멜로우
780,마씨
781,마약계란간장
716,마요네즈
783,마카다미아시럽
784,마카로니
785,막걸리
786,막국수면
787,막대과자
788,막대기꼬치
789,막창
790,만가닥버섯
791,만두
792,만두소
793,만두피
794,만송이버섯
795,말린과일
796,말린귤칩
797,말린대추
798,말린두부
799,말린표고버섯
800,말린홍고추
801,말차가루
802,맛밤
803,맛살
804,맛살어묵
805,맛소금
806,맛송이버섯
807,맛술
808,망고
809,망고시럽
810,망고주스
811,망고통조림
812,매생이
813,매생이굴국
814,매쉬드포테이토감자
815,매실
816,매실식초
817,매실액
818,매실장아찌
819,매실즙
820,매실청
821,매운닭가슴살통조림
822,매운맛라면
823,매운맛카레가루
824,맥주
825,맨밥
826,머랭파우더
827,머스타드
828,머위
829,머핀
830,멍게
831,메론
832,메론시럽
833,메밀가루
834,메밀국수
835,메밀면
836,메밀소바
837,메실청
838,메이플시럽
839,메추리알
840,멜론
841,멥쌀
842,면
843,면사리
844,면수
845,멸치
846,멸치가루
847,멸치다시다
848,멸치볶음
849,멸치액젓
850,멸치육수
851,멸치젓갈
852,명란
853,명란로제스파게티소스
854,명란마요네즈
855,명란젓
856,명란젓갈
857,명월초
858,명이나물
859,명이나물간장
860,명주조개
861,명태살
862,명태포
863,모닝빵
864,모둠전
717,모둠해물
865,모링가티
866,모밀면
867,모밀소스
868,모시조개
869,모짜렐라
870,목살
871,목이버섯
872,몽쉘
873,무
874,무김치
875,무말랭이
876,무생채
877,무순
878,무쌈
879,무염버터
880,무장아찌
881,무절임
882,무즙
883,무화과
884,무화과고추장
885,묵
886,묵가루
887,묵은지
888,문어
889,문어다리
890,물
891,물김치
892,물만두
893,물미역
894,물엿
895,미나리
896,미나리페스토소스
897,미더덕
898,미림
899,미소된장
900,미숫가루
901,미역
902,미역국
903,미역국수
904,미역줄기
905,미역초장비빔면
906,미역페스토
907,미원
718,미트볼
909,미트칠리소스
910,미트토마토소스
911,미향
912,믹스커피
913,민들레
914,민트
915,민트시럽
916,민트초코파우더
917,민트티백
918,밀
919,밀가루
920,밀가루박력분
921,밀가루중력분
922,밀감
923,밀떡
924,밀크초콜릿
925,밀크티가루
926,밀키스
927,바게트
928,바나나
929,바나나송이
930,바나나우유
931,바나나칩
719,바나나컵케익
932,바나나킥
933,바닐라맛우유
934,바닐라빈
935,바닐라설탕
936,바닐라시럽
937,바닐라아이스크림
938,바닐라에센스
939,바닐라오일
940,바닐라요거트
941,바릴라스파게티
942,바릴라카펠리니
943,바베큐소스
944,바싹불고기
945,바지락
946,바지락칼국수라면
947,바질
948,바질가루
949,바질식초
950,바질오일
951,바질페스토
952,바질포카치아
953,박력분
954,박력쌀가루
955,박카스병
956,박하
957,반건조노가리
958,반건조민어
959,반건조박대
960,반건조오징어
961,반숙계란
962,발문어
963,발사믹소스
964,발사믹식초
965,발사믹올리브유
966,발사믹치즈
967,발사믹크림
968,밤
969,밤고구마
970,밤꿀
971,밤잼
972,밤호박
973,밥
974,밥이랑
975,방어살
976,방울양배추
977,방울토마토
978,방풍나물
979,배
980,배식초
981,배즙
982,배추
983,배추김치
984,배합초
985,백김치
986,백년초
987,백명란
988,백미
989,백새우
990,백설기
991,백설탕
992,백세주
993,백태
994,백향과
995,백후추
720,밴댕이
996,뱅어포
997,버거번
998,버본위스키
999,버섯
721,버섯불고기
722,버섯불고기덮밥소스
1000,버섯파우더
1001,버터
1002,버터구이오징어
1003,번데기통조림
1004,벌꿀
1005,벚꽃차
1006,베이글
1007,베이컨
1008,베이크드빈
1009,베이킹소다
1010,베이킹파우더
1011,베트남고추
1012,벼룩나물
1013,병아리콩
1014,보노스프
1015,보드카
1016,보라색천연색소
1017,보름나물
1018,보리
1019,보리굴비
1020,보리라면
1021,보리밥
1022,보리새우
1023,보이차분말
1024,보코치니치즈
1025,복분자
1026,복분자가루
1027,복분자주
1028,복분자즙
1029,복분자청
1030,복숭아
1031,복숭아아이스티스틱
1032,복숭아통조림
1033,봄동
723,봉골레소스
1034,부라타치즈
1035,부채살
1036,부추
1037,부침가루
1038,북어
1039,북어두부미역국
1040,북어머리
1041,북어육수
1042,북어채
1043,북어포
1044,분홍소시지
1045,분홍식용색소
1046,불고기
1047,불고기용돼지고기
1048,불고기용소고기
1049,불닭까르보소스
1050,불닭떡볶이
1051,불닭발
1052,불닭볶음면
1053,불닭소스
1054,불막창
1055,불짬뽕라면
1056,브라바소스토마토소스
1057,브라우니
1058,브라질넛
1059,브랏비엔나
1060,브런치부어스트소시지
1061,브로콜리
1062,브리치즈
1063,블랙베리
1064,블랙빈
1065,블랙올리브
1066,블랙커피믹스
1067,블랙코코아파우더
1068,블랙타이거새우
1069,블랙타피오카펄
1070,블루멜로우티백
1071,블루베리
1072,블루베리가루
1073,블루베리시럽
1074,블루베리잼
1075,블루베리청
1076,블루퀴라소
1077,비단조개
1078,비름나물
1079,비빔라면
1080,비빔양념장
1081,비빔오징어젓갈
1082,비빔장
1083,비스킷
1084,비엔나
1085,비지
1086,비지전
1087,비타민
1088,비트
1089,비트잼
1090,비트주스
1091,비프소스
1092,빙수떡
1093,빙수용단팥
1094,빙어
1095,빠네빵
1096,빵
1097,빵가루
1098,뻥튀기
1099,뽕잎크림스프레드
1100,뽕주
724,뿌리야채죽
725,사각어묵
1102,사각유부
1103,사골곰탕
1104,사골국
1105,사골국물
1106,사골두부된장국
1107,사골라면
1108,사골미역된장국
1109,사골분말
1110,사골육수
1111,사과
1112,사과꿀절임
1113,사과대추
1114,사과식초
1115,사과잼
1116,사과주스
1117,사과즙
1118,사누끼면
1119,사누끼우동면
1120,사리곰탕
1121,사리면
1122,사시미곤약분말
1123,사양꿀
1124,사우어크라우트
1257,사워도우
1125,사워애플
1126,사워크림
1127,사이다
1128,사천고추
1129,사탕수수가루
1130,산나물
1131,산딸기
1132,산마
1133,산양삼
1134,산적꼬치
1135,산초가루
1136,산타리버섯
1137,살구
1138,살라미햄
1139,살사
1140,살치살
726,삶은문어다리
1141,삼각김밥용김
1142,삼겹살
1143,삼발소스
1144,삼양미니꿀호떡
1145,삼치
1146,상어고기
1147,상추
1148,상황버섯차
727,새송이버섯
1150,새싹귀리가루
1151,새싹보리
1152,새싹보리가루
1153,새싹채소
1154,새알만두
728,새우
1156,새우가루
1157,새우꼬리
1158,새우머리
1159,새우밥
1160,새우볶음밥
1161,새우살
1162,새우완탕
1163,새우왕만두
1164,새우장
1165,새우젓
1166,새우중하
1167,새우탕면
1168,새조개
1169,새치
1170,새콤달콤소스
1171,색색의피망
1172,색치즈
1173,샌드위치분
1174,샌드위치빵
1175,샌드위치용빵
1176,샌드위치용햄
1177,샌드위치햄
1178,샐러드
1179,샐러드믹스
1180,샐러드소스
1181,샐러드오일
1182,샐러드용상추
1183,샐러드용야채
1184,샐러드용채소
1185,샐러드용캐슈넛
1186,샐러드재료
1187,샐러드채소
1188,샐러리
1189,샐러리대
1190,샐러리잎
1191,샐러리토막
1192,생감자
1193,생강
1194,생강가루
1195,생강매실맛술
1196,생강술
1197,생강시럽
1198,생강즙
1199,생강채
1200,생강청
1201,생강초
1202,생강초절임
1203,생강톨
1204,생골뱅이
1205,생골뱅이살
1206,생굴
1207,생굴근
1208,생김
1209,생낫
1210,생닭
1211,생두부
1212,생들기름
1213,생들깨
1214,생딸기
1215,생레몬
1216,생마늘
1217,생망고
1218,생메밀면
1219,생면
1220,생모짜렐라치즈
1221,생물손질바지락살
1222,생물오징어
1223,생바질
1224,생밤
1225,생배추
1226,생블루베리
1227,생새우
1228,생생우동
1229,생선
1230,생선머리
1231,생선살
1232,생선토막
1233,생선회
1234,생소면
1235,생수
1236,생식두부모
1237,생식용연두부
1238,생아로니아
1239,생아보카도
1240,생야채들
1241,생연어
1242,생연어토막
1243,생와사비
1244,생우동
1245,생율무가루
1246,생중화면
1247,생참기름
1248,생채
1249,생청국장
1250,생칼국수면
1251,생크림
1252,생크림요거트
1253,생토마토
1254,생파슬리
1255,생표고버섯
1256,샤브샤브용소고기
1258,샤워크림소스
1259,샤인머스캣
1260,샤프란
1261,샬롯
1262,서리태
1263,서리태가루
1264,서리태콩국물
1265,서울우유고다치즈
1266,서울우유에멘탈치즈
1267,석기시대초콜릿
1268,석류
1269,석류졸임
1270,석류효소
1271,선드라이방울토마토
1272,선드라이토마토
1273,설탕
1274,설탕밥
1275,설탕시럽
1276,섬초
1277,섬초시금치
1278,섭
1279,성게
1280,성게알
1281,세모가사리
1282,세발나물
1283,세발낙지
1284,세제
1285,소간
1286,소갈비
1287,소갈비양념
1288,소고기
1289,소고기구이용
1290,소고기국거리
1291,소고기다시다
1292,소고기다시다포
1293,소고기다짐육
1294,소고기등심
1295,소고기부채살
1296,소고기산적
1297,소고기살치살
1298,소고기샤브샤브용
1299,소고기슬라이스
1300,소고기안심
1301,소고기앞다리살
1302,소고기양지
1303,소고기우둔살줄
1304,소고기우삼겹
1305,소고기육수
1306,소고기장조림
1307,소고기채끝
1308,소고기큐브
1309,소곱창
729,소금
1311,소라
1312,소면
1313,소바용면
1314,소바전용장국
1315,소보루빵
1316,소불고기
1317,소불고기용고기
1318,소시지
1319,소시지갈릭크림소스
1320,소시지그린키위샐러드소스
1321,소시지김칫국
1322,소시지냉면육수
1323,소시지누룽지
1324,소시지닭가슴살
1325,소시지닭가슴살큐브
1326,소시지닭곰탕
1327,소시지데리야끼소스
1328,소시지돼지불고기양념
1329,소시지된장
1330,소시지떡갈비
1331,소시지라면사리
1332,소시지로제소스
1333,소시지만두
1334,소시지만두피
1335,소시지무지방오리엔탈샐러드드레싱
1336,소시지미소라멘
1337,소시지바
1338,소시지바베큐소스
1339,소시지발사믹드레싱
1340,소시지불고기양념
1341,소시지비빔장
1342,소시지사각김
1343,소시지사골곰탕
1344,소시지샐러드호박감자고구마
1345,소시지소불고기양념
1346,소시지스위트칠리소스
1347,소시지스테이크소스
1348,소시지스파게티소스
1349,소시지쌈장
1350,소시지양념소불고기
1351,소시지언양불고기
1352,소시지오리엔탈소스
1353,소시지우동
1354,소시지유부
1355,소시지유부초밥
1356,소시지육수
1357,소시지짜장소스분말
1358,소시지쯔유
1359,소시지참깨소스
1360,소시지찹쌀가루
1361,소시지초고추장
1362,소시지초장
1363,소시지카레소스
1364,소시지카스테라
1365,소시지칼국수면
1366,소시지콩물
1367,소시지크림소스
1368,소시지크림치즈
1369,소시지크림파스타소스
1370,소시지토마토바질파스타소스
1371,소시지토마토소스
1372,소시지튀김새우
1373,소시지파인애플드레싱
1374,소시지핫케익믹스
1375,소시지해물로제스파게티소스
1376,소시지햄
1377,소안심
1378,소주
1379,소주병
1380,손만두
1381,손질된고등어
1382,손질된광어
1383,손질된꽃게
1384,손질된닭한마리
1385,손질된도다리
1386,손질된삼치토막
1387,손질된새우
1388,손질링오징어
1389,손질문어
1390,손질바지락
1391,손질새우
1392,손질아욱
1393,손질오징어
1394,손질오징어링
1395,손질한달래
1396,솔방울오징어
1397,솔트
1398,솜사탕
1399,송로버섯오일
1400,송송대파
1401,송이버섯
1402,송편
1403,송화버섯
1404,쇠고기
1405,쇠고기다짐육
1406,쇠고기등심
1407,쇠고기면
1408,쇠고기불고깃감
1409,쇠고기티본
1410,쇠미역
1411,쇠비름
1412,수란
1413,수박
1414,수비드닭가슴살
1415,수삼
1416,수정과
1417,수제레몬청
1418,수제복숭아통조림
1419,수제비
1420,수제비반죽
1421,수제비어묵
1422,수프
1423,수프분말
1424,숙성치즈
1425,숙주
1426,순닭가슴살
1427,순닭가슴살볶음카레
1428,순대
1429,순두부
1430,순두부양념장
1431,순두유큐브얼음
1432,순무
1433,순무김치
1434,순무김치국물
1435,순살가자미
1436,순살간장게장
1437,순살갈치
1438,순살고등어
1439,순살삼치토막
1440,순살아귀
1441,순살양념게장
1442,순살연어필렛
1443,순살치킨
1444,순후추라면
1445,술
1446,숯불소갈비
1447,쉰김치
1448,쉰깍두기
1449,슈가시럽
1450,슈가파우더
1451,슈레드치즈
1452,슈크림파우더
1453,스리라차마요
1454,스리라차소스
1455,스리라차케찹
1456,스리라차핫칠리소스
1457,스모크빈
1458,스모크치즈
1459,스시쇼유
1460,스위트&사워믹스
1461,스위트랠리쉬
1462,스위트칠리소스
1463,스위트콘
1464,스위트팝콘
1465,스위트페퍼
1466,스위트피클
1467,스카치캔디
1468,스크램블에그
1469,스테비아설탕
1470,스테비아토마토
1471,스테이크소스
1472,스테이크시즈닝
1473,스테이크용고기
1474,스트링빈스줄기
730,스트링치즈
1476,스틱커피
1477,스틱형과자
1478,스팀우유
1479,스파게티면
1480,스파게티삶은물
731,스파게티소스
1482,스파게티소스병
1483,스파게티컵라면
1484,스파게티토마토소스
1485,스파이시소시지
1486,스파클링
1487,스팸
1488,스페어민트잎
1489,스폰지케익
1490,스프레더블치즈
1491,스프레이생크림
1492,스프레이휘핑크림
1493,스프링치즈
1494,스프링클
1495,스피니치딥
1510,슬라이스가지
1496,슬라이스레몬
1497,슬라이스마늘
1498,슬라이스모짜렐라치즈
1499,슬라이스블랙올리브
1500,슬라이스아몬드
1501,슬라이스양파
1502,슬라이스오이피클
1503,슬라이스올리브
1504,슬라이스체다치즈
1505,슬라이스치즈
1506,슬라이스크림치즈
1507,슬라이스토마토
1508,슬라이스파인애플
1509,슬라이스피자치즈
1512,슬라이스햄
1513,슬라이스훈제연어
1514,습식찹쌀가루
1515,시금치
1516,시금치나물
1517,시금치잎
1518,시금치줄기
1519,시나몬
1520,시나몬슈가
1521,시나몬스틱
1522,시나몬파우더
1523,시래기
1524,시럽
1525,시리얼
1526,시서스가루
1527,시저드레싱
1528,시즈닝
1529,시즈닝솔트
1530,식물성기름
1531,식물성생크림
1532,식물성휘핑크림
1533,식빵
1534,식소다
1535,식용꽃
1536,식용색소
1537,식용유
1538,식초
1539,식초밥
1540,식촛물
1541,신김치
1542,신김치볶음
1543,신라면
1544,신라면스프
1545,신라면컵
1546,신선복숭아
1547,신선초
1548,실고추
1549,실곤약
1550,실치
1551,실파
1552,실파대
1553,실파줄기
1554,싹채소
1555,쌀
1556,쌀가루
1557,쌀국수
1558,쌀국수면
1559,쌀떡
1560,쌀뜨물
1561,쌀발효허브소금
1562,쌀밥
1563,쌀밥주걱
1564,쌀엿
1565,쌀조청
1566,쌈다시마
1567,쌈두부
1568,쌈무
1569,쌈장
1570,쌈채소
1571,쌍노두소스
1572,쌍화탕
1573,썰은김치
1574,썰은대파
1575,썰은표고버섯
1576,썰은흰대파
1577,쑥
1578,쑥가래떡
1579,쑥가루
1580,쑥갓
1581,쑥인절미
1582,씨겨자
1583,씨머스타드
1584,씨없는청포도
1585,씨없는포도
1586,아가베시럽
1587,아귀순살
1588,아귀포
1589,아기간장
1590,아기김
1591,아기새송이버섯
1592,아기슬라이스치즈
1593,아기채소
1594,아기치즈
1595,아라비아따소스
1596,아로니아
1597,아마레토
1598,아마씨가루
1599,아마씨유
1600,아메리카노
1601,아메리카용커피스틱
1602,아몬드
1603,아몬드가루
1604,아몬드두유
1605,아몬드밀크
1606,아몬드버터
1607,아몬드시럽
1608,아몬드우유
1609,아몬드칩
1610,아무버섯
1611,아보카도
1612,아보카도스프레드
1613,아보카도오일
1614,아보카도퓨레
1615,아사이베리
1616,아사이스무디
1617,아삭이고추
1618,아스파라거스
1619,아오리사과
1620,아욱
1621,아욱대
1622,아위버섯
1623,아이리쉬위스키
1624,아이비
1625,아이비크래커
1626,아이스고구마
1627,아이스군고구마
1628,아이스망고
1629,아이스잔
1630,아이스커피믹스
1631,아이스크림
1632,아이스트레이
1633,아이스플랜트
1634,아이스홍시
1635,아이싱슈가
1636,아일레스애플티백
1637,아침햇살
1638,아카시아꿀
1639,아피오스
1640,안동참마즙
1641,안성탕면
1642,안심
1643,알로에
1644,알룰로스
1645,알배기배추
1646,알배추
1647,알새우
1648,알양배추
1649,알타리무단
1650,알프레도드레싱
1651,알프레도파프리카크림소스
1652,암꽃게
1653,앙파
1654,애느타리버섯
1655,애로루트가루
1656,애플라임에이드
1657,애플망고
1658,애플망고드링킹요거트
1659,애플민트
1660,애플비니거
1661,애플사이다비니거
1662,애플수박
1663,애플시나몬시럽
1664,애플티백
1665,애호박
1666,액상스프
1667,액상스프라면
1668,액젓
1669,앤초비
1670,앤초비필렛
1671,앵커치즈
1672,야끼소바소스
1673,야채
1674,야채수제비육수
1675,야채쨈
1676,야채호빵
1677,야쿠르트병
1678,약
1679,약고추장
1680,약과
1681,약조청
1682,양념간장
1683,양념갈비
1684,양념게장
1685,양념게장양념
1686,양념김
1687,양념닭갈비
1688,양념장
1689,양념장종지
1690,양념치킨
1691,양념치킨소스
1692,양념한돼지고기
732,양배추
1694,양배추김치
1695,양배추만두
1696,양배추볶음
1697,양배추사골된장국
1698,양배추양파샐러드
1699,양배추잎
1700,양배추절임
1701,양배추즙
1702,양배추채
1703,양상추
1704,양송이
1705,양조간장
1706,양조식초
1707,양지육수
1708,양파
1709,양파가루
1710,양파다짐
1711,양파당근
1712,양파대
1713,양파샐러드
1714,양파슬라이스
1715,양파시즈닝
1716,양파장아찌
1717,양파잼
1718,양파즙
1719,양파채
1720,양파청
1721,양파피클건더기
1722,양파후레이크
1723,어간장
1724,어니언베이글
1725,어니언후레이크
1726,어린새싹
1727,어린시금치잎
1728,어린잎새싹채소
1729,어린잎샐러드
1730,어린잎샐러드채소
1731,어린잎채소
1732,어린잎채소무순
1733,어린잎채소샐러드드레싱
1734,어린채소
1735,어메이징오트
1736,어묵
1737,어묵꼬치
1738,어묵면
1739,어묵볶음반찬
1740,어묵소시지
1741,어묵스프
1742,어묵탕
1743,어수리나물
1744,언양불고기
1745,얼갈이배추
1746,얼갈이열무물김치
1747,얼그레이밀크잼
1748,얼그레이시럽
1749,얼그레이티백
1750,얼그레이피치시럽
1751,얼린계란
1752,얼린두부모
1753,얼린두유
1754,얼린딸기
1755,얼린망고
1756,얼린바나나
1757,얼린우유
1758,얼음
1759,얼음물
1760,얼음밀크소다탄산음료암바사
1761,얼음컵
1762,얼음틀
1763,에그누들
1764,에너지드링크
1765,에리스리톨
1766,에리스리톨파우더
1767,에멘탈치즈
1768,에멘탈치즈슬라이스
1769,에소프레소파우더
1770,에스프레소
1771,에스프레소캡슐
1772,에이스
1773,엑설런트
1774,엑스트라버진아보카도오일
1775,엑스트라버진올리브오일
1776,엔초비
1777,엔초비절임
1778,엠앤엠즈초코볼
1779,여주
1780,연겨자
1781,연근
1782,연근피클
1783,연두
1784,연두부
1785,연두순
1786,연두청양초
1787,연시
1788,연어
1789,연어껍질
1790,연어살
1791,연어소스
1792,연어슬라이스
1793,연어장
1794,연어장양파절임
1795,연어캔
1796,연어토막
1797,연어통조림
1798,연와사비
1799,연유
1800,연잎
1801,연잎가루
1802,연자육
1803,열라면
1804,열매마
1805,열무
1806,열무국수
1807,열무김치
1808,열무김치국물
1809,열무돼지볶음
1810,열무물김치
1811,열무얼갈이김치
1812,염소치즈
1813,염장모둠해초
1814,염장톳
1815,염통
1816,영양갱
1817,영양부추
733,영양오리백숙
1818,영콘
1819,옐로우머스타드
1820,옐로파프리카
1821,옛날소시지
1822,오가닉시즈닝
1823,오가피순
1824,오감자
1825,오꼬노미소스
1826,오뎅
1827,오돌뼈
1828,오동통라면
1829,오디
1830,오디잼
1831,오디청
1832,오뚜기고소한참기름
1833,오뚜기맛있는냉동볶음밥
1834,오뚜기밥
1835,오뚜기백세카레순핫맛
1836,오뚜기비빔장
1837,오뚜기사골육수
1838,오뚜기쉐이크앤팬핫케이크믹스
1839,오뚜기스낵면라면
1840,오뚜기옛날구수한누룽지
1841,오뚜기옛날볶음참깨
1842,오뚜기옛날사골곰탕국물
1843,오뚜기오리엔탈드레싱
1844,오뚜기직화닭발
1845,오뚜기진비빔면
1846,오뚜기카레
1847,오뚜기카레매운맛
1848,오래오
1849,오레가노
1850,오레가노가루
1851,오레오
1852,오레오분쇄쿠키
1853,오렌지
1854,오렌지껍질
1855,오렌지리큐르
1856,오렌지소스
1857,오렌지슬라이스
1858,오렌지주스
1859,오렌지즙
1860,오렌지청
1861,오로시와사비
1862,오리
1863,오리가슴살
1864,오리고기
1865,오리슬라이스
1866,오리슬라이스훈제
1867,오리엔탈소스
1868,오리훈제
1869,오메기떡
1870,오모리김치찌개
1871,오미자효소액
1872,오색떡볶이떡
1873,오예스
1874,오이
1875,오이고추
1876,오이맑은국
1877,오이맛고추
1878,오이무침
1879,오이반달
1880,오이소박이
1881,오이스틱
1882,오이슬라이스
1883,오이절임용굵은소금
1884,오이지
1885,오이지무침
1886,오이지피클매실장아찌
1887,오이채
1888,오이토막
1889,오이피클
1890,오일
1891,오일스프레이
1892,오징어
1893,오징어다리
1894,오징어먹물&통밀베이글
1895,오징어먹물스파게티면
1896,오징어몸통
1897,오징어불린물
1898,오징어젓갈
1899,오징어초무침
1900,오차티백
1901,오크라
734,오트밀
1903,오트밀가루
1904,오트밀바나나죽
1905,오트밀와플
1906,오트밀크
1907,오트파우더
1908,오항장육
1909,옥돔
1910,옥수수
1911,옥수수가루
1912,옥수수면
1913,옥수수전분가루
1914,옥수수콘
1915,옥수수콘통조림
1916,옥수수통조림
1917,올리고당
1918,올리브
1919,올리브슬라이스
1920,올리브오일
1921,올리브오일과소금
1922,올리브유
1923,올리브유드레싱
1924,올리브치아바타
1925,올리타리아
1926,와사비
1927,와사비마요소스
1928,와사비소스
1929,와송
1930,와인
1931,와일드루꼴라
1932,와플
1933,완두콩
1934,완두콩물
1935,완두콩캔
1936,완숙토마토
1937,왕각얼음
1938,왕만두
1939,왕만두피
1940,왕새우
1941,요거트
1942,요거트드레싱
1943,요거트파우더
1944,요구르트?
1945,요구르트병
1946,요구르트분말
1947,요구르트젤리
1948,요리당
1949,요리술
1950,요리엿
1951,요리용크림
1952,요리유
1953,요리장
1954,요플레
1955,용과
1956,우거지
1957,우동
1958,우동건더기스프
1959,우동건조면
1960,우동곤약
1961,우동국물
1962,우동다시
1963,우동사리
1964,우동소스
1965,우둔살
1966,우럭
1967,우럭회
1968,우렁
735,우렁이살
1969,우리밀강력분
1970,우리밀밀가루
1971,우리육우등심
1972,우메보시
1973,우무
1974,우무묵
1975,우무묵채
1976,우무용분말한천
1977,우무채
1978,우뭇가사리
1979,우미부도줄기
1980,우바홍차티백
1981,우삼겹
1982,우삼겹살
1983,우스터소스
1984,우엉
1985,우엉볶음
736,우엉소고기덮밥소스
1986,우엉잎
1987,우엉조림
1988,우유
1989,우유거품
1990,우유머그컵
1991,우유생크림
1992,우유얼음
1993,우유잔
1994,우육
1995,울금
1996,울금가루
1997,원당
1998,원두
1999,원두가루
2000,원두커피
2001,월계수잎
2002,월남건고추
2003,월남고추
2004,월남쌈
2005,웨하스
2006,유기농단호박
2007,유기농비정제설탕
2008,유기농사과식초
2009,유기농설탕
2010,유기농치즈
2011,유기농통밀가루
2012,유리머그컵
2013,유부
2014,유부초밥
2015,유부초밥단촛물
2016,유자소스
2017,유자잼
2018,유자차
2019,유자청
2020,유자청밥
2021,유자청오렌지마말레이드
2022,유정란
2023,유채꽃
2024,유채나물
2025,육수
2026,육우
2027,육젓
2028,육편
2029,육포
2030,율무
2031,율무차스틱
2032,은행
2033,음료수
2034,이스트
2035,이탈리아시즈닝
2036,이탈리안드레싱
2037,이탈리안허브
2038,이태리파슬리
2039,익은김치
2040,익은깍두기
2041,익은배추김치
2043,익은열무김치
2044,익은파김치
2045,익힌새우살
2046,익힌참드림쌀
2047,익힌홍게
2048,인도미미고랭라면
2049,인도커리인스턴트
2050,인디언시금치
2051,인디언시금치닭가슴살볶음
2052,인삼
2053,인삼가루
2054,인삼꿀조림
2055,인삼꿀청
2056,인삼뿌리
2057,인삼새싹
2058,인삼잔뿌리
2059,인스턴트라면
2060,인스턴트맛밤
2061,인스턴트사골곰탕
2062,인스턴트스틱커피
2063,인스턴트알커피
2064,인스턴트우동
2065,인스턴트원두커피
2066,인스턴트짬뽕라면
2067,인스턴트커피
2068,인스턴트콘스프
2069,인절미
2071,인포켓치즈
2072,일반김
2073,일반청양고추
2074,일반토마토
2075,일자오뎅
2076,일자콩나물
2077,잉글리시머핀
2078,잎채소
2079,자두
2080,자두청
737,자몽
2082,자몽주스
2083,자몽즙
2084,자몽청
2085,자반고등어
2086,자반김
2087,자색고구마
2088,자색당근
2089,자색양파
2090,자숙꼬막
2091,자숙문어
2092,자숙새우
2093,자숙소라
2094,자숙우렁살
2095,자숙피조개
2096,자숙홍합
2097,자스민우롱차티백
2098,자일로스
2099,자장가루
2100,자투리모닝빵
2101,자투리야채
2102,작설
2103,잔멸치
2104,잔파
2105,잔파대
2106,잘익은단배추
2107,잘익은배추김치
2108,잘익은배추김치잎
2109,잘익은자두
2110,잘익은천도복숭아
2111,잡곡밥
2112,잡곡호밀빵
2113,잡채
2114,잡채용돼지고기
2115,잡채접시
2116,잣
2117,잣가루
2118,장식계란
2119,장식용딸기
2120,장식용무화과
2121,장식용바질
2122,장식용슈가파우더
2123,장식용쿠키
2124,장식용허브
2125,장식용허브로즈마리
2126,장식용허브잎
2127,장아찌간장
2128,장아찌국물
2129,장어
2130,장인라면
2131,장조림
2132,장조림간장
2133,장조림고기
2134,장조림국물
2135,장조림소고기
2136,장조림소스
2137,재래김
2138,잭다니엘
2139,잼
2140,잼술
2141,쟌슨빌소시지
2142,저당고추장
2143,저당굴소스
2144,저당딸기잼
2145,저당마요네즈
2146,저당저칼로리머스타드
2147,저당저칼로리케찹
2148,저염간장
2149,저염고추장
2150,저염된장
2151,저염맛간장
738,저염명란
2153,저염치즈
2154,저온압착들기름
2155,저지방요거트
2156,저지방우유
2157,저칼로리마요네즈
2158,저칼로리요거트
2159,저칼로리케찹
2160,적겨자
2161,적앙금
2162,적양배추
2163,적양파
739,적채
2164,적채양배추
2165,적채잎
2166,적치커리
2167,적파프리카
2168,적포도자두주
2169,적포도주
2170,전갱이
2171,전복
740,전복가자미미역국
2172,전복내장
2173,전복장전복
2174,전복장조림
2175,전복장조림양념장
2176,전분
2177,전어
2178,전자레인지용가라아게
2179,전자렌지용컵라면
2180,전처리보리새우
2181,절단꽃게
2182,절임용꽃소금
2183,절임채소
2184,절편
2185,젓갈
2186,정수물
2187,정식품검정콩국물
2188,정식품콩국물
2189,정종
2190,정향
2191,제로콜라
2192,제스프리골드키위
2193,제스프리그린키위
2194,제육볶음
2195,제주도은갈치
2196,제철과일
2197,제티
2198,제피장아찌간장
2199,젤라틴
2200,젤리
2201,조각다시마
2202,조개
2203,조개살
2204,조랭이떡
2205,조미김
2206,조미김가루
2207,조미료
2208,조미볶음
2209,조미아귀채
2210,조미유부
2211,조미쥐포
2212,조생귤
2213,조선간장
2214,조선호박
2215,조청
2216,족발
2217,종합견과류
2218,종합어묵
2219,죠리퐁
2220,주꾸미
2221,주부단동그랑땡소시지
2222,주부단비엔나소시지
2223,주키니호박
2224,주황젤리
2225,주황파프리카
2226,죽순
2227,죽순조림장기름
2228,죽순채표고버섯채
2229,죽순편
2230,죽염
2231,줄기콩줄기
2232,중국녹말
2233,중국당면
2234,중력분
2235,중면
2236,중멸치
2237,중새우
2238,중화면
2239,쥐포
2240,쥬키니
2241,즈마장
2242,즉석밥
2243,즉석분카레
2244,즉석현미밥
2245,지리멸치
741,지파이
2246,진간장
2247,진간장밥
2248,진라면순한맛
2249,진라면스프
2250,진미채
2251,진비빔면
2252,진저레몬시럽
2253,진저비어진저엘
2254,진저에일
2255,진저피치
2256,진짬뽕
2257,짐빔
2258,집간장
2259,집고추장
2260,집된장
2261,짜왕
2262,짜장
2263,짜장가루
2264,짜장라면
2265,짜장불닭컵
2266,짜파게티
2267,짜파게티분말
2268,짜파게티컵라면
2269,짜파구리
2270,짠지무침
2271,짬뽕다시
2272,짬뽕라면
2273,짬뽕스프
2274,짭짤이토마토
742,쪽파
2276,쪽파단
2277,쪽파대
2278,쪽파잎
2279,쪽파줄기
2280,쫄면사리
2281,쭈꾸미
2282,쮸쮸바
2283,쯔란시즈닝
2284,쯔유
2285,쯔유밥
2286,찐감자
2287,찐계란
2288,찐고구마
2289,찐단호박
2290,찐양배추
2291,찐옥수수
2292,찐콜리플라워
2293,찜용호박토막
2294,차돌박이
2295,차돌박이우렁강된장
743,차돌우렁강된장덮밥소스
2296,차이브
2297,차전자피가루
2298,찰떡아이스크림
2299,찰수수
2300,찰어묵
2301,찰옥수수
2302,찰진밥
2303,찰토마토
2304,참가자미
2305,참기름
2306,참깨
2307,참깨드레싱
2308,참깨라면
2309,참나물
2310,참돔
2311,참드림쌀
2312,참붕어빵
2313,참소라냉동해물
2314,참소스
2315,참외
2316,참외속껍질
2317,참치
2318,참치기름
2319,참치마요삼각김밥
2320,참치쌈장
2321,참치액
2322,참치캔
2323,참크래커
2324,찹쌀
2325,찹쌀가루
2326,찹쌀떡
2327,찹쌀밥
2328,창난젓
2329,채끝살
2330,채소육수
2331,채소튀김
2332,채식조미료
2333,천도복숭아
2334,천연꿀
2335,천연당
2336,천연소금
2337,천연젤리
2338,천연조미료해물육수
2339,천일염
2340,천혜향
2341,청겨자
2342,청경채
2343,청경채송이
2344,청경채잎
2345,청경채줄기
2346,청고추
2347,청국장
2348,청국장가루
2349,청귤
2350,청귤청
2351,청상추
2352,청양고추
2353,청양고추다대기
2354,청양고춧가루
2355,청어
2356,청어알젓갈
2357,청오이
2358,청정원알프레도파스타소스
2359,청정원통살너겟
2360,청주
2361,청크초콜릿
2362,청파프리카
2363,청포도
2364,청포도주스
2365,청포묵
2366,청피망
2367,청홍노랑피망
2368,체다모짜렐라치즈
2369,체다슬라이스치즈
2370,체다치즈
2371,체다치즈시즈닝
2372,체리
2373,체리청
2374,체리토마토
2375,초고버섯
2376,초고추장
2377,초기쌀가루
2378,초당옥수수
2379,초당옥수수가루
2380,초밥
2381,초밥소스
2382,초벌부추
2383,초생강
2384,초석잠
2385,초유
2386,초장
2387,초코가루
2388,초코과자
2389,초코꼬북칩
2390,초코다이제
2391,초코렛
2392,초코렛토핑
2393,초코소스
2394,초코송이
2395,초코시럽
2396,초코아이스크림
2397,초코우유
2398,초코잼
2399,초코칩
2400,초코크로와상
2401,초코크림
2402,초코티시럽
2403,초코파우더
2404,초코파이
2405,초코펜
2406,초코핫케이크가루
744,초콜렛
2407,초콜릿
2409,초콜릿시럽
2410,초콜릿잼
2411,총각김치
2412,총각무
2413,총알오징어
2414,춘권피
2415,춘장
2416,취나물
2417,취나물부지깽이
2418,취청오이
2419,츄러스
2420,츄러스믹스
2421,치미추리소스
2422,치아바타
2423,치아씨드
2424,치자가루
2425,치자단무지
2426,치즈
2427,치즈가루
2428,치즈그릴비엔나
2429,치즈떡꼬치떡
2430,치즈베이글
2431,치즈소스
2432,치즈스틱
2433,치즈케익
2434,치즈크래미
2435,치즈크림파스타소스
2436,치즈피자
2437,치커리
2438,치커리잎
2439,치커리줄기
2440,치킨
2441,치킨가루
2442,치킨까스
2443,치킨꼬치
2444,치킨너겟
2445,치킨무
2446,치킨스톡
2447,치킨스톡블럭
2448,치킨스톡육수
2449,치킨스톡큐브
2450,치킨스톡파우더
2451,치킨텐더
2452,치킨튀김가루
2453,칠갑농산쫄면
2454,칠리소스
2455,칠리연어
2456,칠리참치통조림
2457,칠리피클소스
2458,칠리후레이크
2459,칠면조
2460,칡냉면
2461,카놀라유
2462,카누다크로스트아메리카노미니스틱
2463,카누마일드로스트아메리카노미니스틱
2464,카누커피
2465,카라멜
2466,카라멜시럽
2467,카레
2468,카레가루
2469,카레라면
2470,카레소스
2471,카레용돼지고기
2472,카보트소시지
2473,카샤샤
2474,카스테라
2475,카스피해유산균
2476,카시스
2477,카야잼
2478,카이피라
2479,카카오가루
2480,카펠리니면
2481,칵테일새우
2482,칵테일생새우
2483,칵테일체리
2484,칵테일토마토
2485,칼국수
2486,캄파리
2487,캄폿적후추
2488,캐슈넛
2489,캔골뱅이
2490,캔닭가슴살
2491,캔번데기
2492,캔연어
2493,캔옥수수
2494,캔터키프랑크소시지
2495,캔햄
2496,캡사이신
2497,캡슐커피나아메리카노
2498,커피가루
2499,커피믹스
2500,커피샷
2504,컵누들매운맛
2505,컵누들면
2506,컵누들스프
2507,컵누들짜장맛
2508,컵떡볶이
2509,컵라면
2510,케이엔페퍼
2511,케이준가루
2512,케이준닭가슴살
2513,케이준스파이스
2514,케이준시즈닝
2515,케이퍼
2516,케이퍼어니언소스
2517,케일
2518,켈로그리얼그래놀라
2519,코리엔더
2520,코울슬로드레싱
2521,코카콜라
2522,코코넛가루
2523,코코넛밀크
2524,코코넛슈거
2525,코코넛오일
2526,코코넛워터
2527,코코넛음료
2528,코코넛젤리
2529,코코넛칩
2530,코코넛크림
2531,코코몽비엔나소시지
2532,코코아
2533,코팅초콜릿
2534,콘비프
2535,콘샐러드
2536,콘옥수수
2537,콘킬리에파스타면
2538,콘푸로스트
2539,콜드브루커피
2540,콜라
2541,콜라병
2542,콜라비
2502,콜리플라워
2503,콜리플라워라이스
2543,콜비치즈
2544,콩
2545,콩가루
2546,콩국수용국수
2547,콩기름
2548,콩나물
2549,콩나물김치라면
2550,콩나물무침
2551,콩나물장아찌
2552,콩나물장조림
2553,콩비지
745,콩삶은물
2554,콩송이버섯
2555,콰트로치즈그릴프랑크소시지
2556,쿠앤크아이스크림
2557,쿠크다스
2558,쿠키앤크림샌드
2559,퀴노아
746,퀴노아밥
2560,퀵오츠오트밀
2561,큐민가루
2562,큐브닭
2563,큐브참치
2564,크라스탄유기농오르조 보리차
2565,크래미
2566,크래커
2567,크랜베리
2568,크랩맛살
2569,크랩파테
2570,크러쉬드레드페퍼
2571,크레아틴
2572,크레이프
2573,크레페
2574,크렌베리잼
2575,크렌베리주스
2576,크로와상
2577,크로와상생지
2578,크로플생지
2579,크루와상
2580,크루통
2581,크리쉬드페퍼
2582,크리스탈슈가
2583,크림스파게티소스
2584,크림스프가루
2585,크림우동
747,크림치즈
2587,크림치즈드레싱
2588,크림치즈큐브
2589,클래식스팸
2590,키위
2591,키위샐러드소스
2592,키위잼
2593,키위즙
2594,키위콩포트
2595,키조개
2596,킹크랩
2597,킹크랩게맛살
2598,타라미간장
2599,타로파우더
2600,타르타르소스
2601,타마고간장
2602,타바스코
2603,타임
2604,타임줄기
2605,타코시즈닝
2606,타피오카가루
2607,타피오카펄
2608,탄산수
2609,태국고추
2610,태양초고춧가루
2611,템페
2612,토닉워터
2613,토란대
2615,토마토
748,토마토미트볼
2617,토마토바질청
2618,토마토스파게티소스
2619,토마토잼
2620,토마토즙
2621,토스트
2622,토종까치콩
2623,토종생강편
2624,토판염
2625,토피넛파우더
2627,토핑건과일
2626,토핑용생딸기
2628,토핑용피자치즈
2629,톳
2630,톳나물
2631,톳장아찌
2632,톳페스토
2633,통그릴비엔나
2634,통그릴소시지
2635,통깨
2636,통닭
2637,통마늘
2638,통모짜렐라치즈
749,통목살스테이크
2639,통밀가루
2640,통밀국수
2641,통밀베이글
2642,통밀스파게티면
2643,통삼겹살
2644,통아몬드
2645,통오이피클
2646,통조림골뱅이
2647,통조림베이비콘
2648,통조림옥수수
2649,통조림올리브
2650,통조림완두콩
2651,통조림장조림
2652,통조림체리
2653,통조림파인애플
2654,통조림햄
2655,통크
2656,통피칸
2657,통후추
2658,투게더아이스크림
2659,투썸요거트파우더
2660,튀김가루
2661,튀김용식용유
2662,튀김칼국수
2663,튜마릭
2664,튜브형연겨자
2665,트러플소금
2666,트러플오일
2667,트리플베리
2668,트리플섹
2669,트윅스초콜릿바미니
2671,틈새라면
2672,파
2673,파김치
2674,파김치국물
2675,파니니빵
2676,파단
2677,파대
2678,파드득나물
2680,파래
2681,파르미지아노레지아노
2682,파르팔레
2683,파마산
2684,파뿌리
750,파스타면
2685,파슬리
2686,파워에이드
2687,파인애플
2688,파인애플망고잼
2689,파인애플식초
2690,파인애플잼
2691,파인애플주스
2692,파인애플즙
2693,파인애플청
2694,파줄기
2695,파채
2696,파파야
2697,파팔레파스타
2698,파프리카
2699,파프리카가루
2700,판단잎
2701,판어묵
2702,판젤라틴
2703,판초콜릿
2705,팔각
2704,팔도비빔면
2706,팔도비빔면양념스프
2707,팜기름
2708,팝콘
2709,팝콘치킨
2710,팟타이소스
2711,팥
2712,팥밥
2713,팥배기
2714,팥빙수떡
2715,팥송편
2716,팥앙금
2717,패션후르츠
2718,패스트라미햄
2719,패스트리생지
2720,팬네
2721,팬케이크가루
2722,팽이버섯
2723,팽이버섯단
2724,팽이버섯송이
2725,퍼시픽치즈
2726,퍼피콩
2727,페스츄리
2728,페스츄리빵
2729,페스츄리시트
2730,페스토
2731,페이스트리생지
2732,페코리노치즈
2733,페타치즈
2734,페투치네
2735,페퍼윈너소시지
2736,페퍼잭치즈
2737,페페로니
2738,페페론치노
2739,펜네
2740,편마늘
2741,편생강
2742,편육
2743,편의점닭발
2744,편의점수육
2745,편의점우동
751,평양냉면
2746,포도
2747,포도잼
2748,포도주
2749,포도즙
2750,포두부
2751,포모도르토마토
2752,포카치아
2753,포카칩
2754,포프리두부
2755,표고버섯
2756,표고버섯꼭지
2757,표고버섯밑동
2758,표고버섯분말
2759,표고버섯송이
2760,표고소금
2761,푸실리
2762,풋고추
2763,풋사과
2764,퓌레
2765,프락토올리고당
2766,프랑크소시지
2767,프랭크햄
2768,프레굴라파스타면
2769,프레즐
2770,프렌치드레싱
2771,프렌치롤
2772,프로바이오틱스
2773,프로슈토
2774,프로즌블루베리
2775,프링글스
2776,플레인그릭요거트
2777,플레인소프트요거트
2778,플레인요구르트
2779,피넛버터
2780,피마자잎
2679,피망
2782,피쉬소스
2783,피쉬콜라겐분말스틱
2784,피스타치오
2785,피자
2786,피자도우
2787,피자소스
2788,피자치즈
2789,피자치즈가루
2790,피자치즈스트링치즈
2791,피자치즈슬라이스
2792,피조개
2793,피치우롱
2794,피칸
2795,피클
2796,피클링스파이스
2797,피클소스
2798,피타브레드
2799,핑크솔트
2800,하리보젤리
2801,하림닭다리살캔
2802,하선정마늘
2803,하오츠마라소스
2804,하오츠훠궈백탕
2805,하오츠훠궈백탕소스
2806,하이라이스분말
2807,하인즈케찹
2808,하인즈핫도그렐리쉬
2809,하트스프링클
2810,하프마요네즈
2812,한돈등심
2813,한라
2814,한살림동치미냉면육수
2815,한살림맛간장
2816,한섬만두
2817,한우소고기
2818,한우소불고기
2819,한우차돌박이
2820,한우채끝구이용
2821,한우패티
2822,한천가루
2823,할라피뇨
2824,할루미치즈
2825,함박스테이크
2826,함초소금
2827,핫도그
2828,핫도그빵
2829,핫도그소시지
2830,핫바
2831,핫치킨
2832,핫칠리소스
2833,핫케이크가루
2834,핫케이크시럽
2835,항정살
2836,해남밤호박
2839,해물믹스
2840,해물육수
2841,해바라기씨
2842,해바라기유
2843,해바라기초코볼
2844,해산물
2845,해산물천연조미료
2846,해삼
2847,해삼채
2848,해선장
2849,해쉬브라운
2850,해파리
2851,핵불닭소스
2852,햄
2853,햄버거번
2854,햄버거스테이크
2855,햄버거패티
2856,햄프시드
2857,햅쌀
2858,햇반
2859,햇양파
2860,향신간장
2861,허니머스타드
2862,허니버터
2863,허니칠리소스
2864,허니파우더
2865,허브
2866,허브솔트
2867,허브잎
2868,헤비크림
2869,헤이즐넛
2870,현미밥
2871,현미식초
2872,현미오트밀
2873,현미유
2874,호가든
2875,호두
2876,호두마루
2877,호두아몬드드레싱
2878,호두아이스크림
2879,호두잡곡빵
2880,호떡
2881,호떡꿀믹스
2882,호밀빵
2883,호박
2884,호박가루
2885,호박고구마
2886,호박꽃
2887,호박나물
2888,호박씨
2889,호박잎
2890,호빵
2891,호이신소스
2892,혼다시
2893,혼합곡밥
2894,홀그레인머스타드소스
2895,홀스레디쉬소스
2896,홀토마토
2897,홈런볼
2898,홍감자
2899,홍게
2900,홍게간장
2901,홍고추
2902,홍두깨살
2903,홍삼액
2904,홍새우
2905,홍새우알
2906,홍셰프스모크브라운소스
2907,홍셰프스위트어니언소스
2908,홍시
2909,홍어
2910,홍차가루
2911,홍차시럽
2912,홍차잎
2913,홍차티백
2914,홍청양고추
2915,홍초
2916,홍파프리카
2917,홍피망
2918,홍합
2919,홍합국물
2920,화이트발사믹
2921,화이트와인
2927,화이트와인식초
2922,화이트체다치즈
2923,화이트초코소스
2925,화이트초콜릿
2924,화이트초콜릿펜
2926,화이트콘밀
2928,황금팽이
2929,황금향
2930,황도
2931,황설탕
2932,황태
2933,황태육수
2934,황태채
2935,회
2936,회간장
2938,후라가케
2939,후랑크소시지
2940,후레이크
2941,후렌치파이
2943,후르츠링시리얼
2942,후르츠칵테일
2944,후무스
2946,훈연멸치
2947,훈제계란
2948,훈제닭가슴살
2949,훈제돼지고기
2950,훈제멸치간장육수
2951,훈제연어
2952,훈제오리
2953,훈제파프리카파우더
2954,훠궈소스
2955,휘핑크림
2956,흑당라떼스틱분말
2957,흑당스프레드
2958,흑당시럽
2959,흑대추방울토마토
2960,흑마늘
2961,흑미
2962,흑설탕
2963,흑임자
2945,흑임자우유
2964,흑초
2965,흑후추
2966,흰강낭콩
2967,흰다리살새우
2968,흰대파
2969,흰살생선토막
2970,흰색만가닥버섯
2971,흰설탕
2972,흰쌀
2973,흰우유
2974,흰자
2975,흰후추
2976,히비스커스티
